user_id,name,age,gender,signup_date,subscription_plan,device_type,location
1,Angelica Candie,65,Female,2021-01-09,pro,desktop,Jedung
2,Putnam Obell,69,Female,2020-03-05,basic,tv,Babakankalong
3,Devlen Wildman,59,Male,2012-05-02,pro,tv,Starokucherganovka
4,Easter Schollar,20,Female,2004-03-18,basic,watch,Daxing
5,Bearnard Dooley,57,Female,2015-02-17,basic,tv,Latowicz
6,Etty Welman,35,Female,2003-09-01,basic,mobile,Pakisrejo
7,Eamon Baldwin,68,Female,2004-11-08,basic,watch,Boissevain
8,Ermina Strafford,24,Male,2022-05-27,premium,watch,Yoshkar-Ola
9,Bronny Dunks,24,Female,2007-08-06,premium,desktop,Beiyang
10,Blakelee Armand,73,Female,2018-03-09,premium,mobile,Sambirobyong
11,Chrissie McCaughran,92,Female,2013-06-12,pro,desktop,Nizhniy Kurkuzhin
12,Cletus Terram,34,Female,2001-10-04,premium,watch,Normanton
13,Welbie McGorley,74,Female,2008-08-18,premium,mobile,Kalix
14,Loretta Nassi,77,Female,2000-04-22,pro,watch,Rancamaya
15,Christine Padfield,84,Female,2008-05-11,pro,watch,Xiyang
16,Cornelle Cronchey,84,Male,2020-11-17,premium,watch,Xinxikou
17,Kelly Kilian,29,Female,2012-12-17,pro,mobile,Halimpu
18,Tedi Dessent,25,Female,2020-12-14,pro,watch,Václavovice
19,Vale Barmadier,62,Female,2018-05-18,pro,mobile,Gnieżdżewo
20,Fielding Fairy,84,Female,2010-01-31,pro,mobile,Manjing
21,Margarethe Pasque,45,Female,2016-01-31,premium,tv,Villaviciosa
22,Daloris Dunmore,21,Female,2007-05-30,pro,mobile,Hongor
23,Barclay Muslim,67,Female,2016-03-23,basic,tv,Baykonyr
24,Karilynn Ready,34,Female,2014-03-28,pro,tv,Puutuga
25,Hervey Petts,99,Female,2001-03-11,pro,watch,Ouyang
26,Katee Fronek,38,Male,2004-01-20,pro,watch,Fenghuanglu
27,Vivienne Derisley,56,Male,2021-12-03,pro,desktop,Thanh Nê
28,Cyrus Prewer,62,Female,2014-11-14,premium,mobile,Melaka
29,Nealson Novelli,74,Male,2016-08-06,premium,desktop,Kórnik
30,Thaine Stollsteiner,98,Male,2006-04-27,premium,mobile,Pueblo
31,Obed Corten,37,Male,2012-09-02,pro,mobile,Nanmo
32,Andy Sawtell,66,Male,2021-12-28,basic,watch,San Juan Sacatepéquez
33,Cele Ducket,65,Male,2011-05-04,pro,watch,Kahnūj
34,Lorine Dargan,57,Male,2020-01-14,basic,watch,Goubangzi
35,Jeannie Feakins,28,Male,2006-09-08,basic,tv,Maae
36,Georgeanna Routledge,31,Female,2016-06-28,premium,mobile,Yangliu
37,Leandra Cowterd,66,Male,2022-12-16,pro,watch,Aylmer
38,Silva Woodings,29,Male,2009-03-02,basic,mobile,Chư Prông
39,Fidel Yven,38,Female,2012-06-29,premium,watch,Bianxiong
40,Donetta Hawford,37,Female,2010-01-01,premium,mobile,Lago da Pedra
41,Brittne O' Mahony,100,Male,2012-09-28,premium,watch,Changchun
42,Nonah Kochs,48,Female,2007-11-26,premium,desktop,Biaokou
43,Salim Bizley,32,Female,2019-09-11,pro,tv,Khallat Ḩamāmah
44,Charlene Rodenhurst,42,Female,2018-02-13,basic,mobile,Kopidlno
45,Cal Peppett,87,Female,2019-07-22,premium,watch,Mihara
46,Cello Defont,90,Male,2011-08-21,basic,watch,Manalad
47,Regan Pheasant,66,Female,2010-06-28,basic,tv,Sucun
48,Mathilde Rankcom,50,Female,2010-03-06,basic,mobile,Anren Chengguanzhen
49,Emmery Lello,63,Male,2001-04-09,pro,tv,Conceição da Feira
50,Susy Ceschi,15,Female,2020-06-11,basic,tv,El Adelanto
51,Mamie Galsworthy,75,Male,2008-05-15,basic,tv,Serikbuya
52,Grata Timny,65,Female,2014-01-13,pro,tv,Dalgān
53,Nanette Sprull,92,Male,2018-04-16,basic,tv,Songgai
54,Pietra Linden,20,Female,2003-04-01,basic,mobile,Houston
55,Pammie Keward,49,Male,2012-12-26,basic,watch,Lazaro Cardenas
56,Byram Clare,99,Male,2017-12-14,pro,tv,Guanmian
57,Hayyim Muggach,19,Male,2021-08-30,basic,tv,Tanahwulan
58,Smitty Hoyes,68,Female,2008-12-18,basic,watch,Farinheiras
59,Corabel Puckey,81,Female,2008-05-22,pro,desktop,Chengjiang
60,Mandi Konerding,70,Male,2017-07-06,premium,watch,Changliu
61,Ambrose Askey,44,Male,2001-06-04,pro,watch,Zhelin
62,Peggie Nowakowska,84,Female,2016-12-29,pro,tv,Bagangan
63,Adolphus Cushion,55,Female,2013-12-23,premium,desktop,Gangbian
64,Durant Gendricke,55,Female,2003-07-14,basic,desktop,Pambuhan
65,Juliet Willmott,34,Male,2007-01-04,basic,tv,Janów
66,Mommy Pingstone,44,Male,2011-12-07,basic,watch,Leuweheq
67,Harmonia Scothorne,36,Female,2017-04-02,premium,watch,Kondinskoye
68,Rivy Verissimo,21,Female,2008-09-01,pro,watch,Novotitarovskaya
69,Merry Banbridge,17,Female,2005-06-06,premium,tv,Zhanghua
70,Chev Petkov,83,Female,2015-12-03,basic,mobile,Chlumec nad Cidlinou
71,Nichols Wrightson,27,Female,2000-08-02,pro,tv,Qiongshan
72,Eleni Pettican,27,Male,2011-08-07,basic,desktop,Buenos Aires
73,Haley Tute,94,Male,2014-04-28,pro,desktop,Coaldale
74,Idette Wylder,79,Male,2011-04-28,pro,mobile,Preserje pri Radomljah
75,Ferdinanda Gibb,24,Female,2000-10-15,premium,tv,Wuyang
76,Keefe Sygrove,74,Male,2014-01-20,pro,watch,Koynare
77,Janna Costerd,95,Male,2019-02-04,pro,mobile,Malabang
78,Willdon Tilt,62,Male,2010-09-07,premium,mobile,Mojoroto
79,Gretta Darracott,60,Male,2023-01-30,basic,watch,Wuyanquan
80,Lela Bizley,55,Female,2009-04-08,pro,mobile,Mali Iđoš
81,Meagan Le Fleming,58,Female,2012-09-15,premium,watch,Tumbagaan
82,Madel Findlay,64,Male,2003-06-25,premium,desktop,Numata
83,Ward Davidwitz,84,Male,2022-04-02,basic,watch,Garoua Boulaï
84,Cati Cicerone,72,Female,2001-04-27,basic,tv,Claveria
85,Jodee Girodias,69,Male,2014-07-09,premium,tv,Banjar Gunungpande
86,Daisey Reedy,96,Female,2004-04-06,pro,desktop,Caçapava do Sul
87,Bartlett Pheby,21,Female,2009-01-24,premium,watch,Tatuí
88,Jessika Regler,32,Female,2020-12-04,premium,watch,Trần Văn Thời
89,Kerri Twiname,75,Female,2008-05-24,premium,watch,Rancho Nuevo
90,Elinor Hakking,95,Female,2016-11-14,pro,watch,Mahalapye
91,Ethelin Gilleson,72,Female,2007-07-29,pro,mobile,Huili Chengguanzhen
92,Cherry Shoppee,66,Male,2009-06-25,premium,watch,Lotoshino
93,Oswell Petit,27,Female,2013-06-20,premium,desktop,Västerås
94,Madelle Bollin,41,Male,2012-07-17,pro,mobile,Santiago dos Velhos
95,Zach Kirman,92,Female,2009-05-10,premium,tv,Lewobelek
96,Sonnie Ockwell,81,Female,2015-02-13,pro,tv,San Pedro
97,Claire Hantusch,26,Female,2011-06-24,premium,tv,Acaraú
98,Dionysus Weich,54,Male,2001-10-26,basic,watch,Danidehe
99,Eugene Follett,100,Female,2012-01-08,premium,mobile,Trat
100,Friedrich Piwell,15,Female,2021-07-18,pro,desktop,Xiabuji
101,Inesita Batho,92,Female,2013-02-18,basic,tv,Jinzao
102,Corly Brockhouse,96,Female,2014-09-28,premium,mobile,New York City
103,Shayne Dennistoun,79,Female,2018-11-09,premium,tv,Buçimas
104,Lindsay Lytton,80,Male,2002-11-10,premium,desktop,Santa Rosa del Sara
105,Rainer Earley,94,Male,2012-02-12,pro,tv,Kete Krachi
106,Malchy Muncie,18,Male,2010-03-06,premium,desktop,Rusip
107,Lorilee Hattrick,43,Male,2002-01-27,premium,tv,Samangawah
108,Killian Baylay,42,Male,2003-10-20,premium,tv,Ash Shaykh ‘Uthmān
109,Cyrill Androli,64,Male,2013-07-21,pro,tv,Ust’ye
110,Sigfrid Rankine,87,Male,2019-09-25,basic,desktop,Tamberías
111,Aime Swatman,98,Female,2006-09-04,basic,tv,Insrom
112,Clemmie Colbourn,18,Male,2006-07-16,pro,tv,Futian
113,Ema Ravens,20,Female,2011-10-31,premium,desktop,Ragay
114,Tyne Valenti,97,Female,2019-09-08,basic,desktop,Marabahan
115,Tuckie Inett,71,Female,2014-01-23,premium,tv,Bác Ái
116,Haywood Yemm,25,Female,2005-01-12,basic,tv,Kao Liao
117,Kevan Huton,59,Male,2006-08-17,pro,tv,‘Ayn Ḩalāqīm
118,Boniface Ranking,86,Male,2005-11-12,basic,watch,Pondokunyur
119,Dorie Summerhayes,35,Male,2011-10-13,basic,tv,Ţūlkarm
120,Hamnet Frayling,84,Female,2018-10-14,pro,tv,Zhetang
121,Philomena Kenlin,73,Female,2020-09-26,pro,desktop,Mozhong
122,Gael Lie,78,Female,2003-12-13,premium,desktop,Tagbina
123,Phaedra Atcock,29,Female,2005-05-23,basic,mobile,Shikou
124,Annabelle MacKintosh,47,Male,2012-09-23,premium,mobile,Media Luna
125,Eddi Swinden,95,Female,2007-03-26,basic,watch,Hiroshima-shi
126,Joel Polack,24,Female,2016-05-11,pro,desktop,Klenje
127,Stephi Stracey,77,Male,2022-04-16,basic,watch,Xincun
128,Hyman Draijer,16,Female,2010-11-15,premium,watch,Memphis
129,Alessandra Leftbridge,75,Female,2015-08-07,basic,watch,Miraflores
130,Roderich Spencers,72,Female,2005-05-31,pro,mobile,Cegłów
131,Consolata Bend,37,Male,2018-02-02,premium,tv,Tanjung Kidul
132,Harriette Khomich,46,Female,2001-07-25,premium,mobile,Przystajń
133,Tann Davidman,19,Female,2011-02-18,pro,desktop,Razgrad
134,Victoria Pechacek,47,Female,2019-02-07,pro,tv,Anding
135,Harman Skedgell,75,Male,2010-07-12,pro,mobile,Vitrolles
136,Charis Dorin,38,Male,2003-06-09,pro,watch,Kelmė
137,Nels Jills,58,Male,2018-07-26,premium,watch,Maromitsa
138,Sibyl Fuzzens,32,Female,2003-08-15,premium,tv,Vitória de Santo Antão
139,Harri Baudou,70,Female,2000-08-06,basic,watch,Vila Chã do Monte
140,Sybila Saywell,63,Female,2021-08-25,basic,tv,Randu
141,Casper Wilks,97,Female,2013-11-01,basic,desktop,Jobabo
142,Biron Quemby,78,Male,2016-09-09,premium,tv,Tangjia
143,Woody Georgeson,28,Female,2004-01-31,basic,watch,Punta Gorda
144,Lamont Dix,42,Male,2000-03-06,premium,mobile,Boca do Acre
145,Ravi Tills,58,Male,2014-03-02,premium,mobile,São Sebastião do Caí
146,Lari Twigley,72,Female,2009-05-20,premium,mobile,Chesma
147,Kristine Decaze,71,Male,2018-02-23,pro,mobile,Al Mālikīyah
148,Kristofor Danielski,28,Female,2010-06-19,pro,mobile,La Tinguiña
149,Jedediah Biagini,50,Female,2001-03-15,basic,desktop,Obihiro
150,Dorolice Collister,36,Female,2000-05-17,basic,tv,Gōtsuchō
151,Dinah Straw,31,Male,2020-08-10,pro,watch,Ganta
152,Benedicta Garn,78,Female,2017-01-14,pro,watch,Sobinka
153,Fraser Drugan,39,Female,2011-05-26,pro,watch,Bogi
154,Roby Booeln,34,Male,2018-03-30,pro,mobile,Morrito
155,Brigitte Gandey,54,Female,2006-07-29,pro,desktop,Qiuchuan
156,Fawnia Uebel,22,Female,2008-02-01,premium,mobile,Fratar
157,Brannon Mousley,80,Female,2021-01-26,pro,watch,Lebedyan’
158,Pippy Constant,22,Female,2008-04-02,premium,watch,Perfilovo
159,Ewell Yanov,33,Female,2007-08-20,premium,mobile,Leshan
160,Gav Henner,90,Female,2018-04-18,basic,desktop,Tegalwero
161,Morse McQuie,27,Female,2005-02-02,premium,watch,Le Havre
162,Nelie Balharry,86,Male,2002-06-11,basic,watch,Tuchkovo
163,Iver Beatey,30,Male,2011-10-22,premium,desktop,Novosineglazovskiy
164,Betta Gallgher,64,Female,2001-02-27,basic,mobile,Lucaya
165,Nollie Sate,40,Female,2007-10-30,premium,watch,Jing’an
166,Alexandros Nix,44,Male,2015-02-07,basic,tv,Blagoveshchenka
167,Courtenay Ferrucci,100,Male,2014-06-18,pro,desktop,Lae
168,Easter Baszkiewicz,98,Female,2004-03-30,pro,mobile,Ganquan
169,Giacobo Johananoff,91,Female,2004-05-10,premium,mobile,Barreiras
170,Koren Hoggin,76,Male,2013-02-17,pro,watch,Kass Wollof
171,Jethro Buglar,15,Male,2005-03-13,basic,tv,Vancouver
172,Kiel Doel,69,Male,2020-12-31,premium,mobile,Huoxian
173,Amandie Stickler,46,Female,2018-09-26,basic,tv,Vila Nova de Santo André
174,Emmery Spoerl,73,Male,2007-08-16,basic,watch,Ban Tak
175,Riley Gerriet,22,Male,2015-04-08,basic,tv,Leomil
176,Gare Smythe,22,Female,2016-11-25,pro,mobile,Luebo
177,Constanta Pennazzi,25,Male,2000-01-31,premium,tv,Arīḩā
178,Geralda Lobbe,81,Female,2009-11-04,basic,watch,Jianlong
179,Amitie Samwaye,46,Female,2002-12-13,basic,mobile,Patique
180,Demetris Girsch,40,Male,2011-12-08,pro,watch,Malgobek
181,Alisa Cabera,36,Female,2017-02-04,basic,mobile,Paris 07
182,Gayelord Schach,98,Female,2005-09-02,premium,desktop,Cotuí
183,Leontine Carverhill,19,Female,2005-03-05,pro,desktop,Pogwizdów
184,Bentley O'Hagerty,16,Female,2004-01-11,pro,desktop,Chita
185,Benson Bayley,71,Male,2010-09-29,basic,tv,Łęczyce
186,Kayley Drinkel,16,Female,2010-04-10,pro,watch,Kluczbork
187,Brett Klimus,56,Male,2003-10-25,pro,tv,Vigo
188,Pearl Shall,70,Female,2010-09-04,basic,desktop,Nantes
189,Irma Roocroft,59,Female,2003-05-11,premium,desktop,Lhari
190,Quincey Lamplugh,20,Male,2003-01-11,premium,tv,Sanqiao
191,Sheilakathryn Burgoin,37,Female,2021-02-17,pro,mobile,Miribanteng
192,Queenie Carrivick,90,Female,2005-01-13,premium,tv,Lages
193,Pearle Dibble,56,Male,2020-03-22,premium,mobile,Comandante Fontana
194,Lanie Trebilcock,86,Male,2012-11-06,pro,watch,Cukangpanjang
195,April Meenan,96,Female,2017-08-28,pro,tv,Vetlanda
196,Dedra Cattlemull,17,Male,2003-02-23,premium,mobile,Hexi
197,Melba Kilmister,48,Female,2016-12-01,premium,tv,Venda Nova
198,Sheeree Gregoretti,38,Female,2021-10-28,premium,tv,Dasuhe
199,Hillard Bubb,39,Male,2008-10-10,basic,watch,Moriguchi
200,Cammy Swaden,29,Female,2022-01-11,premium,desktop,Kass Wollof
201,Sollie Dykes,37,Female,2010-10-19,basic,tv,Yuyue
202,Humbert Thomkins,81,Female,2003-11-06,basic,mobile,Bingerville
203,Romonda Barthelet,25,Male,2001-08-02,premium,mobile,Baitashan
204,Cindy Arnau,69,Male,2007-11-25,premium,tv,Iraray
205,Kesley Sapseed,17,Female,2003-03-30,premium,desktop,Liuzhi
206,Kinnie Corradino,97,Male,2014-01-16,basic,desktop,Shangzhuang
207,Phip Whettleton,52,Female,2017-05-09,premium,tv,Chishmy
208,Seamus Innis,82,Male,2011-09-28,premium,desktop,La Esperanza
209,Sasha Halsworth,51,Female,2016-11-18,pro,tv,Zouila
210,Kira Muldoon,50,Male,2022-09-19,basic,tv,Liwan
211,Darda Duncklee,45,Female,2011-04-07,pro,mobile,Kameyama
212,Gilly Milroy,54,Female,2003-05-13,pro,desktop,Zouila
213,Merilyn Buckingham,23,Male,2006-02-12,basic,watch,Chengxi
214,Tudor Matchell,34,Male,2010-04-05,basic,desktop,Tawali
215,Georgy Gaukroger,52,Male,2012-10-24,pro,mobile,Quibal
216,Annmarie Stallebrass,58,Female,2008-10-23,premium,watch,Masantol
217,Sibel Crispin,87,Male,2013-04-28,basic,desktop,Hobor
218,Danyelle Tosspell,45,Male,2000-06-14,basic,watch,Qiling
219,Gino Kahane,87,Female,2016-09-12,pro,watch,Bagumbayan
220,Katee Garmston,66,Female,2002-09-16,pro,tv,Polowat
221,Pietra Scown,16,Female,2016-02-12,basic,watch,Bayan Ewenke Minzu
222,Edgardo Richardet,80,Female,2014-03-12,premium,mobile,Liangdong
223,Zabrina Fillimore,32,Female,2005-11-04,premium,watch,San Roque
224,Riobard Heavens,44,Female,2023-02-21,premium,mobile,Atalaia
225,Jenilee Northfield,96,Male,2017-05-19,pro,desktop,Haozhai
226,Shepherd Cossey,88,Female,2000-02-25,basic,tv,Plérin
227,Wolfy Fidal,82,Male,2007-09-23,premium,desktop,Busia
228,Kinny Slyne,69,Female,2020-03-10,pro,mobile,Ciela Lebak
229,Chantalle Saw,60,Female,2021-02-06,basic,mobile,Matalam
230,Tait Ghione,80,Female,2008-10-31,pro,tv,Oeleu
231,Trev Greenhow,93,Female,2006-06-23,premium,mobile,Georgiyevsk
232,Jandy Liebmann,53,Female,2003-05-08,basic,desktop,Barrancabermeja
233,Justinian Johansson,81,Male,2019-08-24,pro,watch,Yantan
234,Ignaz Gravey,47,Male,2012-08-01,basic,mobile,Sōja
235,Jayson Plowes,27,Male,2020-05-29,pro,watch,Hotonj
236,Mora Daingerfield,29,Female,2005-05-23,pro,watch,Luojiang
237,Reuven Gibard,93,Male,2012-01-02,basic,watch,Heshang
238,Alfredo Paddon,19,Male,2006-02-02,basic,watch,Chengxi
239,Raychel Shillingford,29,Male,2013-01-25,basic,watch,Kiełczów
240,Aldric Creffield,25,Female,2004-11-10,pro,tv,Anggana
241,Elaine Strasse,19,Female,2006-04-29,premium,tv,Atlanta
242,Dyane Schneider,42,Male,2001-07-18,premium,desktop,Melbourne
243,Cyrus Kirgan,98,Male,2012-01-17,basic,desktop,Dębowiec
244,Avivah Crosetto,78,Male,2011-05-09,basic,watch,Ngaruawahia
245,Ricky Belamy,34,Female,2005-04-22,basic,tv,Tomteboda
246,Rodolph Seegar,97,Female,2013-02-06,pro,mobile,Dharān Bāzār
247,Laurella Bisley,74,Female,2020-07-05,premium,watch,Bidbid
248,Emmalynne Hawke,82,Female,2019-01-18,pro,desktop,Kabale
249,Nicki Bencher,24,Male,2014-10-26,premium,watch,Alegre
250,Darcee Honsch,33,Female,2002-02-28,pro,watch,Offa
251,Gabriela Goodey,72,Male,2008-05-09,pro,watch,Montpellier
252,Fredelia Tersay,15,Male,2021-02-01,premium,desktop,Itapetinga
253,Dov Cotsford,63,Male,2003-01-26,basic,desktop,Sovetskaya
254,Sydelle Deinhardt,91,Male,2017-01-04,premium,mobile,Roissy Charles-de-Gaulle
255,Cynthie Marran,33,Male,2019-08-12,pro,watch,Orlando
256,Perceval Fleischmann,76,Male,2018-10-06,pro,tv,Milltown
257,Lelah Damarell,16,Male,2021-12-05,pro,desktop,Yuandun
258,Lucais Onslow,67,Male,2021-12-13,premium,mobile,Bacolod
259,Cheri Thiese,97,Female,2018-04-28,pro,watch,Luna
260,Jami Mouncey,45,Female,2018-01-04,premium,mobile,Närpes
261,Darrick Abdee,95,Male,2001-08-26,pro,tv,Antofagasta
262,Nedda Kienlein,74,Male,2021-11-29,pro,desktop,Jiaxian Chengguanzhen
263,Iosep Grimwood,92,Female,2010-01-09,premium,desktop,Zhongshi
264,Baxie Paddington,90,Female,2016-08-22,basic,desktop,Jiantianjie
265,Dennison Atthow,23,Female,2022-08-22,basic,tv,Xiabao
266,Carline Dran,35,Male,2010-08-17,premium,watch,Sanpai
267,Othella Steven,48,Male,2008-02-11,basic,tv,Daping
268,Minna Brecknock,37,Female,2011-05-11,basic,desktop,Jagiełła
269,Othilia Pacquet,74,Female,2008-07-25,premium,tv,Arraga
270,Alfons Matzen,79,Male,2001-12-15,pro,mobile,Gangbian
271,Erny Dobbs,44,Female,2019-08-17,pro,mobile,Dalazi
272,Ferdinande Fazackerley,74,Male,2004-12-27,pro,desktop,Troyan
273,Elisa Lafoy,36,Male,2017-05-07,premium,tv,Udi
274,Cori Swinden,28,Male,2014-08-19,premium,desktop,Karlskoga
275,Vinnie Arnefield,81,Male,2021-01-04,pro,watch,Trmice
276,Terri-jo Heathcote,57,Male,2001-09-23,basic,tv,Serov
277,Juieta Pranger,39,Female,2007-06-18,basic,watch,Sourotí
278,Cloris Lissemore,84,Male,2001-10-02,basic,mobile,Motala
279,Charisse Lumm,22,Male,2004-10-04,premium,watch,Polepy
280,Gigi Woolhouse,80,Male,2022-08-12,premium,tv,Mikhaylovka
281,Cordy Sumers,81,Male,2002-06-17,basic,tv,Billère
282,Abbott Brunet,36,Male,2017-02-21,premium,mobile,Tondano
283,Minnnie Redholes,31,Male,2003-04-04,pro,watch,Lewopao
284,Juan Graham,29,Female,2018-10-08,basic,desktop,Gabú
285,Joyan Cannon,71,Female,2023-01-02,premium,tv,Beiwenquan
286,Mercedes Larcier,60,Male,2015-05-15,premium,tv,Kamenskiy
287,Norean Jeune,58,Female,2020-09-21,basic,desktop,Glasnevin
288,Antonetta Le Blanc,43,Male,2019-10-06,basic,watch,Yingshouyingzi
289,Perri Billes,100,Female,2016-01-06,premium,watch,Wādī Raḩḩāl
290,Mildred MacTurlough,28,Female,2004-01-31,basic,watch,Shanghudi
291,Hyacinthe Nisbith,25,Male,2014-02-19,basic,tv,Triteh
292,Bamby Randal,19,Male,2008-03-23,pro,tv,Pribrezhnyy
293,Brit Burkitt,41,Female,2006-10-12,premium,tv,Ribeira Grande
294,Monika Chastey,15,Female,2003-02-08,pro,desktop,Heshang
295,Jarid Acory,29,Female,2001-11-12,basic,mobile,Jedlińsk
296,Doris Playden,83,Male,2012-03-12,premium,watch,Moissy-Cramayel
297,Olivia McKeveney,91,Female,2017-11-04,basic,desktop,Guéret
298,Wade Cockle,31,Female,2002-01-23,basic,watch,Pulopaya
299,Jarret Coom,27,Male,2015-05-04,pro,mobile,Wahang Dua
300,Bord Skaif,22,Female,2000-07-31,premium,watch,Pho Thale
301,Jaymie Ivanitsa,91,Female,2017-05-29,pro,watch,Oxelösund
302,Violette Daughton,93,Female,2000-09-05,premium,watch,Crateús
303,Ware MacAiline,52,Male,2005-04-20,premium,mobile,La Joya
304,Robbin Minichillo,34,Female,2017-08-04,pro,desktop,Duobaoshan
305,Cointon Doldon,37,Male,2016-06-28,premium,tv,Anwen
306,Jacenta Cettell,39,Male,2006-08-29,pro,desktop,Conchamarca
307,Eddie Jobes,37,Male,2015-03-12,premium,mobile,Jinggongqiao
308,Moe Tremellier,32,Female,2004-10-26,premium,tv,Cigadog
309,Iago Viney,64,Male,2014-12-05,basic,mobile,Suwon-si
310,Cornie Redsell,22,Female,2016-01-05,pro,tv,Xilong
311,Evey McRavey,34,Male,2015-03-06,pro,mobile,Sitrah
312,Clay Wrathmall,72,Female,2003-09-08,pro,watch,Enonkoski
313,Mora Rogeron,44,Female,2022-01-02,premium,tv,Batanghari
314,Phillida Dehmel,17,Female,2022-05-24,premium,tv,Conqueiros
315,Tracie Lackemann,93,Male,2022-05-26,pro,tv,Paranaíba
316,Clair le Keux,44,Male,2000-12-28,premium,watch,Delok
317,Zena Cheater,63,Male,2014-01-08,pro,watch,Rio Formoso
318,Juline Dawtrey,21,Male,2011-02-01,premium,watch,Karangsari
319,Alexio Vitler,87,Female,2016-06-17,pro,tv,Al Qurayn
320,Alyssa Knapper,33,Male,2013-10-14,basic,watch,Krajan Jabungcandi
321,Honoria Gilbanks,88,Male,2019-05-11,pro,mobile,Stoney Ground
322,Bird Trytsman,58,Male,2011-05-14,basic,tv,Oltinko’l
323,Lance Stallard,59,Female,2010-12-25,basic,tv,Ambatondrazaka
324,Betty Fortesquieu,25,Female,2014-06-26,basic,tv,Okahandja
325,Carin Schubert,31,Male,2017-06-01,pro,mobile,Gezan
326,Fania Clapham,43,Male,2003-12-09,premium,watch,Hino
327,Cris Dalzell,38,Male,2013-12-29,basic,tv,Jinshan
328,Vergil Butchers,87,Male,2009-09-15,basic,watch,Réo
329,Rosabella Maplesden,36,Male,2015-07-25,pro,tv,Bukomansimbi
330,Mord Swann,81,Male,2012-11-14,premium,desktop,Camgyai
331,Asia Ritchings,19,Male,2018-11-24,basic,desktop,Pirapo
332,Tore Kirlin,81,Male,2022-02-14,basic,tv,Maragogipe
333,Hadleigh Lorey,30,Female,2010-08-01,pro,tv,Mirriah
334,Eula Mallam,63,Male,2004-11-12,basic,mobile,Zheleznodorozhnyy
335,Gerald Penhalurick,45,Female,2004-04-04,basic,mobile,Krzynowłoga Mała
336,Davidson Le Maitre,97,Male,2019-06-13,basic,tv,Launceston
337,Codie Kolin,76,Male,2007-06-03,basic,mobile,Budaka
338,Bary Jemmison,32,Female,2013-05-14,basic,desktop,Encontrados
339,Johnath Addison,41,Male,2019-01-31,basic,watch,Santo Amador
340,Dre Pensom,93,Male,2022-06-02,premium,mobile,Lianghe
341,Suzanne Roderick,71,Female,2007-12-13,premium,desktop,Rongxing
342,Jack Francecione,45,Female,2011-03-31,basic,desktop,Menongue
343,Ronny Cosgry,74,Male,2006-12-05,pro,watch,Basco
344,Monty Caselli,83,Female,2004-09-11,basic,desktop,Paris La Défense
345,Rozella Ardron,28,Male,2018-11-13,basic,mobile,Kuala Lumpur
346,Slade Honig,43,Male,2000-05-21,pro,tv,Prado
347,Inessa Blacksland,87,Female,2010-01-28,premium,desktop,Tournavista
348,Elvyn Cantu,59,Female,2007-04-13,pro,desktop,Otofuke
349,Tilda Pigden,65,Male,2019-01-20,pro,mobile,Pancalan
350,Beck Basire,15,Male,2013-05-02,basic,tv,Liushutun
351,Michelina Dring,91,Female,2018-04-18,basic,tv,Vänersborg
352,Anabelle Seath,41,Female,2022-11-20,basic,desktop,Mambulo
353,Gerrard Ellwood,60,Male,2016-05-09,premium,watch,Shanghang
354,Shell Impey,58,Male,2005-07-25,basic,tv,Ulan Us
355,Egan Vowels,34,Male,2012-11-20,basic,watch,Pombal
356,Rhonda Troyes,26,Female,2002-05-20,basic,mobile,Madison
357,Dacia Akroyd,90,Male,2020-11-15,basic,watch,Kramat
358,Jennee Jupp,73,Male,2008-09-19,pro,watch,Biscucuy
359,Carolynn Fairleigh,15,Female,2007-10-21,basic,tv,Rafaï
360,Vern Musgrove,34,Male,2013-04-30,pro,watch,Algarrobo
361,Millie Symson,80,Female,2019-05-04,premium,desktop,Jidong
362,Johna Verlander,55,Male,2013-12-08,premium,watch,Krajan Atas Suger Lor
363,Hugues Novello,69,Male,2017-01-06,basic,desktop,Puerto Francisco de Orellana
364,Cynde Belk,73,Male,2018-03-31,premium,mobile,Aygeshat
365,Shandy Bernardet,78,Male,2000-04-09,premium,watch,Churovichi
366,Carrissa Kyte,90,Male,2019-03-20,premium,mobile,Fómeque
367,Kerianne Hacun,94,Male,2015-06-04,basic,mobile,Kasli
368,Myrvyn Grunnell,82,Male,2003-10-14,pro,watch,Paloh
369,Kissee Von Brook,87,Male,2002-11-29,basic,mobile,Citeureup
370,Nicole Yosevitz,81,Female,2015-01-06,premium,watch,Idah
371,Wernher Vecard,93,Female,2009-05-28,premium,desktop,Boncong
372,Willdon Luck,27,Male,2004-12-07,pro,watch,Nasīrābād
373,Millie Peidro,45,Female,2021-06-10,premium,desktop,Sukonolo Krajan
374,Dilan Lowton,32,Female,2015-09-30,basic,desktop,Lyubeshiv
375,Vick Eskriett,60,Male,2021-01-04,premium,tv,Ayagoz
376,Murdoch Tourville,48,Female,2019-11-30,premium,desktop,Birmingham
377,Sydel Hadeke,76,Male,2019-12-03,basic,mobile,San Miguel del Padrón
378,Ivonne Shepherdson,21,Female,2009-12-31,basic,desktop,Sangatta
379,Sarajane Dicken,66,Female,2015-03-24,basic,mobile,Paka
380,Theodora Rudloff,93,Female,2000-10-23,basic,desktop,Pigcawayan
381,Elisabet Burnyeat,31,Female,2015-12-09,premium,desktop,Tambulig
382,Syman Anniwell,42,Female,2020-05-16,pro,desktop,Limeiras
383,Antonin Davids,36,Male,2022-03-28,basic,watch,Alistráti
384,Athena Cuppitt,62,Male,2008-01-14,basic,desktop,Patea
385,Delly Phillis,98,Female,2016-01-05,pro,desktop,Xibin
386,Nathanil Sainz,76,Female,2006-11-29,basic,mobile,Yongping
387,Anya McLoughlin,77,Male,2020-01-05,pro,watch,Aldeia da Bela Vista
388,Teodoor Alpes,80,Male,2017-05-25,premium,tv,Chouto
389,Charla Durden,21,Female,2022-04-22,pro,mobile,Stockholm
390,Maude Darragon,77,Female,2016-10-27,premium,watch,Roberval
391,Hanan Busk,50,Female,2004-02-23,pro,mobile,San Pedro Carchá
392,Sammy Stammler,96,Female,2013-01-05,premium,mobile,Yuanda
393,Claudio Corballis,81,Male,2017-09-20,premium,tv,Huashi
394,Rubia Janczyk,94,Female,2008-05-25,basic,watch,Yixingfu
395,Filberte Mills,15,Male,2018-09-13,pro,tv,General Belgrano
396,Marylynne O'Boyle,83,Male,2014-05-18,pro,desktop,Trới
397,Candis Hoofe,27,Female,2009-04-03,pro,desktop,Gnosjö
398,Elly Meaders,45,Male,2010-01-25,premium,mobile,Balaka
399,Gabriele Dockerty,98,Female,2013-03-22,premium,tv,Nakuru
400,Kalvin Alden,19,Female,2012-06-11,pro,watch,Xianyan
401,Emerson Turfs,26,Male,2020-03-10,pro,desktop,Barbaza
402,Allx Tipping,32,Female,2002-08-18,pro,desktop,Sudikampir
403,Tonnie Corragan,69,Male,2010-03-12,pro,tv,Waerana
404,Edouard Cobain,19,Female,2011-06-16,basic,mobile,Al Ḩawātah
405,Catharina Claw,81,Male,2014-03-26,pro,desktop,Bassa
406,Aldous Corneille,81,Female,2021-11-30,pro,desktop,Budapest
407,Caryn Moreinis,42,Female,2022-02-20,pro,tv,Ugac Sur
408,Burch Rosenberg,26,Male,2021-03-27,basic,watch,Kabac
409,Mayer Riddock,67,Female,2004-09-26,basic,mobile,Jiuhua
410,Mirna Vandrill,68,Male,2010-09-13,pro,mobile,El Guapinol
411,Jedidiah Howling,71,Female,2011-04-08,pro,desktop,Ash Shaḩānīyah
412,Pearline Binney,57,Female,2001-06-02,basic,mobile,Vacov
413,Dennet Zealy,72,Male,2002-02-06,premium,desktop,Vysokovsk
414,Maryjo Kirtlan,90,Male,2013-12-01,premium,watch,Sop Pong
415,Tracy McCole,68,Male,2008-06-11,pro,desktop,Baitu
416,Pietro Manterfield,22,Female,2017-02-25,pro,mobile,Seka
417,Kevan Pelchat,87,Female,2011-06-21,pro,watch,Vellinge
418,Carny Zohrer,49,Female,2015-11-24,premium,tv,Bunga Mas
419,Fowler Stackbridge,44,Male,2017-12-23,basic,desktop,Norzagaray
420,Cissy Hamlet,19,Male,2016-11-29,premium,desktop,Wangjing
421,Valery Crickmoor,57,Male,2020-12-12,basic,tv,Iba
422,Alberta Antonognoli,81,Female,2020-09-27,premium,desktop,Seoul
423,Bondon Jowle,96,Female,2007-07-05,pro,mobile,Chignayhua
424,Thom Marklund,28,Female,2014-11-28,basic,mobile,San Esteban
425,Forrest Lodo,90,Female,2000-05-13,premium,watch,Ifo
426,Corella Friedlos,95,Female,2015-02-05,basic,mobile,Xingang
427,Lucretia Frankiss,77,Male,2012-01-23,basic,tv,Sukahening
428,Westleigh Coston,80,Female,2021-04-28,basic,tv,Oslo
429,Maribel Garric,22,Male,2003-09-08,basic,desktop,Markovo
430,Jamison Nelm,18,Male,2003-02-24,pro,mobile,Colonia Elía
431,Baudoin Rouke,46,Male,2005-02-07,premium,mobile,Lukovo
432,Sonni Keming,15,Female,2010-10-31,pro,watch,Fatou
433,Darin Itzchaki,59,Female,2010-04-25,pro,watch,Atimonan
434,Bastian Dunkerly,22,Female,2012-06-25,pro,watch,Yinyang
435,Devon Munkton,82,Male,2019-02-24,premium,watch,Huangtang
436,Gordie Haistwell,19,Female,2004-11-18,basic,watch,Da’an
437,Gardy Vido,90,Male,2008-04-08,basic,mobile,Tsyelyakhany
438,Bernie Durrad,18,Male,2009-06-02,premium,watch,Nong Saeng
439,Josiah Acland,23,Male,2022-02-28,basic,desktop,Baitang
440,Dorice Kissick,56,Female,2022-02-21,pro,mobile,Räpina
441,Francis Gerrets,45,Female,2001-03-30,premium,mobile,Mtsensk
442,Renaud Campey,64,Female,2003-02-18,premium,mobile,Tver
443,Jeralee Bompas,72,Female,2003-06-15,premium,watch,Postmasburg
444,Timotheus Ganter,19,Male,2006-05-08,basic,watch,Wenlin
445,Ophelia Byrkmyr,93,Male,2019-05-26,pro,desktop,Mancogeh
446,Aldin Guy,29,Male,2019-11-02,pro,mobile,Da’an
447,Anstice Woollin,23,Female,2002-03-03,pro,watch,Galleh Manda
448,Gloria Coniam,27,Female,2021-01-12,basic,mobile,La Escondida
449,Averill Simonou,27,Male,2013-10-06,pro,watch,Kuroishi
450,Robina Leeke,93,Male,2010-12-28,basic,watch,Meitang
451,Garrik Hruska,39,Male,2002-12-18,basic,tv,Nagrak
452,Lisette Yushkov,61,Male,2010-01-02,premium,watch,Shezhu
453,Fidel Bampfield,58,Male,2017-03-02,pro,tv,Ziyuan
454,Kira McKnockiter,41,Female,2017-08-29,premium,mobile,Perre
455,Nevile Franzewitch,66,Female,2013-05-03,pro,watch,Meitang
456,Jacintha Benz,72,Female,2019-04-20,premium,mobile,Greater Napanee
457,Gilly Crimin,29,Male,2001-02-17,pro,watch,Rakaia
458,Tommy Cockrell,81,Male,2016-08-15,premium,mobile,Duwakkandung
459,Frederic Lidster,55,Male,2006-09-30,pro,tv,Baler Baleagung
460,Mikey Girdlestone,53,Female,2016-09-13,basic,desktop,Ortega
461,Killie Habberjam,86,Male,2013-02-02,pro,tv,Makedonski Brod
462,Joshuah Heining,61,Male,2021-08-15,basic,desktop,Nacaome
463,Elliot Goalby,90,Male,2022-03-09,basic,mobile,Muḩradah
464,Giraldo Waggett,87,Male,2012-09-11,pro,desktop,Cuenca
465,Bonni Scurr,71,Male,2007-10-27,pro,mobile,Beni Khiar
466,Delcina Prew,16,Male,2013-05-22,pro,tv,Al Jumūm
467,Jennica Moynham,36,Female,2021-03-06,basic,desktop,Yasnyy
468,Avie Blasi,44,Male,2020-05-08,basic,tv,Jianxincun
469,Orel Winscom,51,Female,2003-03-13,pro,desktop,Gravatá
470,Karol Jonczyk,40,Female,2015-12-31,basic,mobile,Varva
471,Lorant Dooney,50,Male,2002-12-06,pro,mobile,Marseille
472,Ricard Eglin,28,Male,2002-06-06,premium,mobile,Poretskoye
473,Allyson O'Scanlan,48,Male,2020-06-25,basic,watch,Gaoping
474,Erick Goudard,23,Female,2002-11-09,basic,tv,Milwaukee
475,Vincent Bolgar,19,Male,2022-11-13,pro,watch,Xiangfeng
476,Persis Cowan,81,Female,2017-02-17,basic,mobile,Perth
477,Georas Finding,47,Male,2006-04-14,premium,mobile,Kamenica
478,Pattie Yorke,16,Male,2004-02-25,pro,mobile,Anle
479,Tabbatha Gaynes,15,Male,2005-01-02,pro,desktop,Montaneza
480,Pierre Arnatt,66,Male,2006-03-30,basic,tv,Al Qamşīyah
481,Christa McEnhill,60,Male,2022-05-23,pro,watch,Tuohua
482,Phyllida Pyner,89,Female,2022-09-22,premium,tv,Jaworzynka
483,Ephraim Sweetmore,84,Female,2017-11-08,pro,tv,Kharkiv
484,Perla Blood,74,Female,2022-01-01,basic,watch,Mapalacsiao
485,Rolph Parbrook,72,Male,2014-12-09,basic,watch,La Celia
486,Bary Gibbonson,82,Female,2002-09-13,premium,mobile,Stockholm
487,Rosamund Juzek,94,Male,2012-09-18,premium,desktop,Luleå
488,Ailey Weepers,71,Female,2020-12-02,premium,desktop,Quanshang
489,Heidi Toupe,21,Male,2005-06-06,basic,mobile,Saray
490,Jarret Holyard,67,Female,2003-05-08,basic,tv,Pagak Kulon
491,Alysa Lindsell,87,Male,2013-05-07,basic,desktop,Morohongō
492,Tucker Eggers,44,Female,2009-12-31,basic,mobile,Eldoret
493,Haskell Bukowski,29,Male,2020-01-20,pro,watch,Birmingham
494,Rafaelia Tawton,85,Male,2008-06-16,basic,desktop,Shuangtang
495,Marika Pitkin,70,Male,2012-05-08,pro,watch,Glamang
496,Gill Engley,93,Female,2006-09-09,pro,tv,Pakuncen
497,Davis Lakey,17,Male,2017-07-03,pro,tv,Bizerte
498,Berk Jochen,57,Female,2022-04-23,premium,desktop,Émpa
499,Tybie Cartmill,73,Male,2014-01-15,basic,mobile,Pasirreungit
500,Alyce Jerisch,18,Female,2007-09-22,basic,mobile,Taquarituba
501,Benson McCahill,96,Male,2002-08-07,basic,watch,Prosvet
502,Carree Januszkiewicz,34,Female,2008-04-29,pro,watch,Hoani
503,Annecorinne Rickeard,58,Female,2016-07-19,premium,mobile,Tabuny
504,Field Eglin,60,Female,2005-06-11,basic,watch,Kampene
505,Caressa Steventon,40,Female,2023-01-22,pro,watch,Harjavalta
506,Gearard Rookwell,68,Female,2015-08-09,premium,tv,Pretoria
507,Kikelia Skade,98,Female,2012-11-16,premium,tv,Banakaja
508,Ilaire Mioni,99,Male,2015-01-04,premium,desktop,Klenica
509,Briano Seine,31,Female,2016-07-01,premium,desktop,Geneng Tengah
510,Caye Werndly,25,Male,2010-06-04,basic,watch,Ōtake
511,Lynn Waby,24,Female,2010-10-31,premium,desktop,Schifflange
512,Obie Beltzner,100,Female,2016-11-25,pro,desktop,Mianhu
513,Gilberte Gard,29,Male,2020-04-07,pro,desktop,Zhaodong
514,Elmira Plowell,97,Female,2021-02-15,basic,desktop,Locminé
515,Katine Richard,85,Female,2021-06-28,pro,mobile,Bangunsari
516,Harland Daveridge,89,Male,2005-06-25,pro,desktop,Woha
517,Editha Lyenyng,48,Male,2007-03-01,pro,watch,Torre de Moncorvo
518,Sybyl Shelper,18,Female,2016-08-11,pro,watch,La Palma
519,Thadeus Haddick,76,Male,2015-12-02,basic,watch,Lunsar
520,Reine Adelsberg,58,Female,2016-06-21,basic,tv,Sarpsborg
521,Derry Wannop,72,Male,2010-09-10,basic,watch,Puerto Boyacá
522,Rena Quarton,90,Male,2022-12-02,basic,desktop,Grand Junction
523,Staffard Steggles,51,Female,2000-08-27,basic,tv,New Leyte
524,Carmela Downton,69,Male,2013-01-13,premium,tv,Rasskazovo
525,Gerty Sabbins,18,Female,2008-10-31,basic,mobile,Huayuan
526,Nicolas Izon,96,Male,2020-03-21,premium,mobile,Saint-Maur-des-Fossés
527,Ulrica Aiskrigg,83,Male,2022-03-16,pro,mobile,Bijie
528,Durante Carss,66,Male,2021-05-03,basic,tv,Qishui
529,Georgiana Teggart,60,Male,2020-09-25,pro,watch,Valle de Guanape
530,Sarita Belle,52,Male,2002-02-02,premium,tv,Hartford
531,Kathryne Crumb,46,Male,2004-04-18,pro,tv,Novosmolinskiy
532,Bink Carlesso,96,Male,2018-01-15,basic,watch,Temandangjero
533,Gillan Lethardy,45,Female,2003-02-28,pro,tv,Yakymivka
534,Hyacinthia Fullylove,34,Male,2001-07-24,basic,desktop,Lady Grey
535,Florian Felipe,82,Female,2008-12-02,pro,watch,Storvreta
536,Garrek Vittery,49,Female,2017-08-05,premium,desktop,Hudson Bay
537,Cinnamon O'Dunniom,56,Female,2001-01-25,pro,desktop,Tuochuan
538,Rosina Allom,100,Female,2016-02-25,pro,tv,Seattle
539,Kaela Cessford,92,Female,2003-10-01,premium,watch,Galatás
540,Amye Blacklawe,18,Male,2023-02-13,premium,tv,Jiahu
541,Craggie Tomaschke,95,Female,2013-12-22,basic,mobile,New Hyde Park
542,Blaine Riddiough,60,Female,2010-07-04,premium,desktop,Takahashi
543,Ebony Vitall,16,Female,2019-04-08,pro,mobile,Simo
544,Vittorio Fillgate,68,Male,2001-07-29,premium,watch,Mojkovac
545,Nikolai Spinozzi,59,Male,2005-06-08,premium,watch,Motala
546,Zachary Gittus,37,Male,2022-07-03,pro,desktop,Montepuez
547,Naomi Dick,62,Female,2018-06-18,basic,desktop,Široki Brijeg
548,Gilbertina Garrood,43,Female,2003-05-10,pro,desktop,Tukums
549,Jedd Francisco,33,Female,2001-06-10,pro,watch,Xagmakajor
550,Lurleen Swannell,81,Female,2015-01-13,basic,tv,Bitanjuan
551,Issiah Philo,49,Male,2017-04-18,premium,desktop,Corujeira
552,Garrot Garaway,76,Male,2002-10-10,premium,desktop,Gumdag
553,Iolande Peat,99,Female,2022-09-07,pro,tv,Manicahan
554,Artair Barnwill,53,Male,2005-03-06,pro,tv,Tangguhang
555,Prue Andrassy,32,Female,2012-05-29,premium,tv,Prachin Buri
556,Brigg Torbet,32,Female,2014-02-15,basic,tv,Jalanbaru
557,Kevon Durning,27,Male,2020-10-26,pro,mobile,Cayambe
558,Durward Ranby,64,Male,2017-08-23,premium,tv,Wilków
559,Natassia Pithcock,58,Male,2009-10-12,pro,desktop,Bungtiang Barat
560,Eloise Viner,70,Male,2005-09-20,basic,mobile,Pyongyang
561,Courtney Blackbrough,99,Male,2016-10-05,basic,desktop,Wutongkou
562,Bunnie Havelin,97,Female,2014-06-16,basic,tv,Pyapon
563,Teresa Riddlesden,96,Female,2014-06-18,pro,mobile,Donskoye
564,Darell Duffer,92,Female,2016-08-29,pro,watch,Kediri
565,Blinny Halfpenny,64,Male,2011-07-07,pro,mobile,Mauhao
566,Orville Wilden,19,Male,2011-12-12,premium,desktop,Felgueiras
567,Jameson Circuitt,58,Female,2022-06-20,premium,mobile,Himanka
568,Gray Simester,26,Female,2008-06-26,premium,watch,Auch
569,Janeen Lindermann,15,Male,2020-04-01,premium,watch,Maubeuge
570,Dolf Deeman,53,Female,2015-06-04,premium,tv,Jiaoshi
571,Amye Paynter,53,Male,2016-12-22,pro,watch,Nkpor
572,Lavina Westcot,60,Male,2004-01-08,basic,watch,Fukuechō
573,Kelcie Gauntley,52,Female,2022-08-29,basic,mobile,Khilok
574,Grata Stenner,65,Female,2012-08-14,premium,mobile,San Benito
575,Michael Massard,66,Female,2005-05-10,basic,watch,Mendoza
576,Ripley Grahlman,41,Female,2006-11-08,basic,tv,Synevyr
577,Johnath Waddington,61,Female,2000-08-05,pro,tv,El Hermel
578,Justen Winspur,29,Female,2002-09-22,pro,watch,Opočno
579,Abbe Paradin,74,Male,2005-02-16,basic,mobile,Quinta do Anjo
580,Lucius Newlands,15,Male,2012-02-23,premium,watch,Saint-Louis du Nord
581,Tamera Awton,79,Male,2007-05-25,pro,mobile,Hovězí
582,Eda Brizell,18,Female,2007-02-25,basic,desktop,Tewulike
583,Donnie Hallworth,18,Female,2011-03-30,premium,mobile,Älvdalen
584,Farleigh MacGinley,85,Male,2011-10-07,pro,tv,Caruaru
585,Kimmy O'Rafferty,72,Male,2003-03-11,pro,watch,Pagsañgahan
586,Pierson Wollaston,35,Male,2000-01-16,pro,tv,Agrínio
587,Welsh Pagin,63,Male,2017-02-14,premium,tv,San Antonio
588,Leoine Basso,99,Female,2011-06-24,pro,tv,Salvador
589,Jeddy Stitwell,54,Male,2012-11-10,pro,mobile,Oklahoma City
590,Brody Laydon,87,Male,2006-09-08,premium,mobile,Pasir
591,Thadeus Neely,77,Male,2010-10-27,pro,watch,Ceres
592,Mickey Ricarde,77,Male,2006-06-09,pro,desktop,Yudong
593,Graham Wehden,54,Female,2020-06-07,premium,mobile,Parksville
594,Kari Goldis,39,Male,2000-07-28,premium,watch,Qing’an
595,Leese Hawksby,44,Female,2011-07-24,premium,mobile,Lapa do Lobo
596,Danita Banbrook,23,Female,2017-08-24,basic,tv,Sitovo
597,Phoebe Veare,40,Female,2001-06-12,pro,desktop,Stírion
598,Granthem Ibbitson,94,Male,2010-04-27,premium,mobile,Ducheng
599,Deloris Wallach,65,Male,2006-07-08,premium,tv,Oleszyce
600,Tamarah Macknish,65,Female,2000-06-11,basic,desktop,Buga
601,Townie Cella,49,Male,2009-03-10,pro,watch,Jabonga
602,Charmian Tuminini,15,Male,2020-02-21,pro,desktop,Sloboda
603,Mirabelle Santoro,100,Female,2016-09-17,basic,tv,Guchang
604,Rog Dun,55,Male,2009-12-20,basic,mobile,Ban Selaphum
605,Rosabel McPaik,57,Male,2017-09-27,basic,tv,Kirkton
606,Amber MacBrearty,42,Male,2015-04-28,premium,mobile,Baton Rouge
607,Jackie Palfreman,47,Male,2015-09-04,pro,mobile,Pinaring
608,Ev Ochterlonie,62,Female,2017-04-07,basic,watch,Lebedyn
609,Catlin Vanner,38,Male,2017-06-25,premium,desktop,Luobei
610,Clair Questier,73,Female,2001-05-19,basic,desktop,Rodez
611,Lizette Clarson,73,Male,2001-05-22,pro,watch,Saint-Augustin
612,Theo Bedbury,83,Female,2021-03-31,pro,mobile,Qiziltepa Shahri
613,Kamila Shears,38,Female,2021-01-11,basic,watch,Anār
614,Josephina Schuelcke,25,Female,2017-10-08,premium,mobile,Shimonoseki
615,Herta Gut,22,Male,2018-07-25,basic,mobile,Playas
616,Francklyn Wardhough,40,Female,2000-02-22,basic,tv,Famagusta
617,Jillene Armell,94,Female,2008-12-08,pro,desktop,Lipahan
618,Goldina Worms,47,Female,2016-06-15,premium,mobile,Maao
619,Aubree Tuxsell,94,Female,2022-07-06,pro,mobile,Geji
620,Babs Cranham,40,Female,2015-03-29,premium,watch,Bruzual
621,Abagail Guislin,57,Male,2004-03-10,premium,mobile,Matungao
622,Rube Ruddiforth,33,Female,2011-05-16,premium,mobile,Wangcheng
623,Cordey Kubat,95,Male,2002-04-25,pro,desktop,Gradec
624,Vaughan Matuszewski,65,Female,2013-07-06,basic,tv,Starcevica
625,Nikita Leverich,50,Male,2022-03-31,pro,tv,Al Bawīţī
626,Claus Didball,34,Male,2013-05-01,basic,tv,Syriam
627,Heywood Pumphreys,39,Male,2022-10-20,pro,watch,Chang’an
628,Lolita Torrance,35,Female,2018-10-26,premium,tv,Thepharak
629,Susana Flude,78,Male,2012-06-01,basic,mobile,Arboga
630,Theadora Le feuvre,92,Male,2010-12-30,premium,desktop,Odemira
631,Corrinne Treven,96,Female,2020-09-07,basic,tv,Weton
632,Cointon Harfoot,22,Male,2020-06-02,pro,mobile,Krasnyy Oktyabr’
633,Bruno Ingles,92,Male,2003-06-02,premium,tv,Al Khāniq
634,Meade Bangs,65,Male,2016-11-24,pro,watch,Columbus
635,Egan Thickins,55,Female,2022-06-22,basic,mobile,Hedi
636,Durante Flitcroft,52,Female,2005-11-12,basic,tv,Baiyashi
637,Maury Robelet,28,Female,2010-01-02,basic,desktop,Huilong
638,Kev Bleesing,16,Male,2002-04-19,premium,desktop,Bandarbeyla
639,Clementia Dunderdale,76,Male,2012-12-23,premium,desktop,Ciputat
640,Raynard Matissoff,76,Male,2017-08-31,premium,tv,Shuguang
641,Darrick Jopson,32,Male,2006-08-05,basic,mobile,Novoorsk
642,Nicholas Trayton,45,Female,2008-07-26,basic,watch,Tembongraja
643,Aurilia Macconaghy,37,Male,2015-09-30,pro,tv,Thayetmyo
644,Esteban Ferenczi,92,Male,2006-10-04,premium,mobile,Puncakbaru
645,Yul Geake,96,Male,2011-04-14,basic,desktop,Tangquan
646,Henrie Bernade,32,Female,2000-10-19,premium,mobile,Pavlodol’skaya
647,Nalani Tathacott,97,Male,2000-06-29,premium,watch,Nanlin
648,Madison Hixley,74,Female,2005-05-30,basic,tv,Beixiang
649,Barnabe Volette,57,Female,2020-08-31,premium,watch,Kota Kinabalu
650,Liuka Scogings,49,Female,2012-12-30,pro,mobile,Fanyang
651,Fransisco Rayburn,15,Female,2019-04-13,basic,desktop,Port Louis
652,Marsha Leguey,37,Female,2021-01-12,pro,tv,Tournan-en-Brie
653,Gilbert Leathe,98,Male,2017-05-22,premium,desktop,Pueblo Nuevo
654,Ambrose Schirach,28,Female,2016-11-17,premium,mobile,Hanjiaji
655,Vania Crilley,95,Male,2021-09-10,basic,mobile,Boluo
656,Cosetta Ormes,87,Female,2016-03-30,premium,mobile,Panay
657,Pascal Elcomb,39,Female,2020-04-07,pro,watch,Liujiagou
658,Conrado Kenryd,97,Male,2007-09-02,basic,desktop,Huage
659,Lorrayne Osbiston,17,Female,2006-06-18,premium,watch,Andamui
660,Winthrop Gutans,83,Male,2000-12-10,pro,mobile,Merkezköy
661,Zachary Fewlass,87,Female,2018-09-20,basic,tv,Rustāq
662,Mildred Grebbin,23,Female,2018-12-21,basic,watch,Paraty
663,Ynes Ives,66,Female,2016-12-27,pro,desktop,Castêlo
664,Marcelle Jellard,67,Male,2005-03-17,premium,tv,Yuanbao
665,Lonnard Liger,16,Male,2012-03-11,pro,tv,Puerto Esperanza
666,Jerrie Krop,91,Female,2009-12-23,basic,mobile,Tiko
667,Denys Steckings,83,Female,2006-11-16,basic,watch,Khorosheve
668,Helena Weldon,49,Male,2005-10-10,premium,desktop,Niquero
669,Marena Easterfield,59,Female,2000-06-04,pro,tv,Vicente Guerrero
670,Rianon Millen,84,Female,2022-09-28,basic,mobile,Żywiec
671,Teirtza Knill,60,Male,2012-03-24,pro,watch,Springfield
672,Roddy Walley,71,Female,2014-03-03,pro,watch,Jamshoro
673,Jesus Rabbage,49,Female,2016-11-07,basic,mobile,Jiquilillo
674,Hollie Wapol,99,Female,2010-12-11,pro,mobile,Dongming
675,Cherilyn Allatt,20,Male,2010-06-14,premium,desktop,Grenoble
676,Inesita Coggin,79,Male,2005-08-09,basic,mobile,Pirassununga
677,Raquel Luckhurst,50,Male,2023-01-18,premium,watch,San Francisco
678,Lea Guion,67,Female,2015-09-14,basic,tv,Budy
679,Ethelda Benbough,96,Female,2020-05-21,premium,watch,Otorohanga
680,Doyle Readmire,30,Male,2006-07-20,premium,tv,San Cosme y Damián
681,Shanan Weatherhill,66,Male,2015-08-20,pro,watch,Villaviciosa
682,Adorne Matzel,84,Female,2012-02-03,premium,mobile,Shanghu
683,Cordell Hardwich,71,Male,2004-03-30,pro,desktop,Bentiu
684,Alric Henricsson,33,Female,2015-07-12,premium,desktop,Pecna
685,Kelsey Middlemass,85,Male,2017-08-26,pro,watch,Idi Rayeuk
686,Robinet Worgen,65,Female,2013-04-08,pro,watch,Rubio
687,Joline Burkhill,87,Male,2010-09-14,premium,watch,São Cristóvão
688,Tanney Fiander,88,Male,2004-10-05,pro,desktop,Henglian
689,Nissa Kern,53,Male,2020-12-23,premium,tv,Arroyo Seco
690,Jacob Julien,44,Male,2020-03-29,premium,desktop,Musanze
691,Barbara-anne Haine,24,Female,2015-01-10,premium,tv,Los Rastrojos
692,Joane Roget,98,Female,2002-05-07,premium,tv,Rozsypne
693,Noll Aspling,92,Female,2001-02-06,premium,mobile,Megati Kelod
694,Etheline Breukelman,35,Female,2002-06-02,premium,watch,Bela-Bela
695,Devland Probbing,82,Male,2014-09-29,premium,desktop,Sofifi
696,Jenica Moehler,30,Female,2004-12-28,premium,mobile,Zagazig
697,Paulita Neal,66,Male,2009-10-31,basic,mobile,Jindou
698,Gamaliel Castangia,80,Male,2016-06-30,basic,mobile,Guleluke
699,Giselle Coughlan,45,Male,2000-08-15,pro,desktop,Carman
700,Alfreda Wadley,56,Female,2015-06-05,basic,watch,Mislīyah
701,Cross Wharin,38,Female,2018-01-20,premium,tv,Farafenni
702,Allene Garnul,16,Male,2016-09-09,pro,mobile,Garibaldi
703,Nana Gookey,63,Male,2014-08-29,basic,watch,Riangderi
704,Ardis Croyser,99,Male,2015-04-12,basic,watch,Usagara
705,Zorana Vittery,88,Female,2006-10-21,premium,mobile,Tarbes
706,Elladine Fulks,95,Male,2022-10-17,pro,desktop,Dabbūrīya
707,Selinda Van Merwe,15,Male,2008-12-06,premium,tv,Mobile
708,Imogen Gossington,72,Female,2010-05-19,premium,mobile,Purda
709,Oates Saller,70,Female,2010-05-06,pro,watch,Babakan
710,Netta Janout,43,Male,2012-07-11,premium,watch,Kukichūō
711,Eadmund Harlowe,89,Female,2022-01-02,pro,tv,Shurugwi
712,Eben Mival,70,Male,2019-04-22,premium,mobile,Itumbiara
713,Hobart Deane,24,Male,2006-01-30,basic,watch,Néa Ionía
714,Florencia Kilbane,30,Female,2022-06-01,basic,desktop,Macheng
715,Aylmar Castilljo,36,Female,2019-03-03,premium,watch,Cisompet
716,Anne Quant,43,Female,2018-11-25,premium,mobile,Salitrillos
717,Brady Hyatt,35,Male,2004-03-29,basic,watch,Kawangkoan
718,Mirella Matelaitis,86,Female,2004-04-23,pro,watch,Hai’an
719,Marylinda Gummow,63,Male,2020-11-19,pro,desktop,Flin Flon
720,Delores Gercken,85,Female,2003-02-10,premium,tv,Biñan
721,Frances Cribbins,77,Male,2010-06-23,pro,mobile,Linares
722,Harriot Corrado,91,Female,2003-03-29,pro,desktop,Tandel
723,Regine Gyngell,20,Male,2019-08-20,premium,tv,Longzui
724,Coreen Linguard,52,Male,2019-05-12,premium,desktop,Águas de Lindóia
725,Sawyer Brearton,100,Male,2013-07-27,pro,mobile,Tha Tako
726,Hendrik Nayer,61,Male,2005-09-11,basic,desktop,Krasnaya Polyana
727,Mar Gilbride,30,Male,2004-11-21,pro,mobile,Tsévié
728,Morlee Jervoise,17,Male,2015-08-02,basic,desktop,Ngluwuk
729,Thayne Cregin,68,Male,2020-11-15,basic,mobile,Pingtang
730,Bessie Cordle,38,Female,2012-06-05,premium,watch,Yōkaichiba
731,Sebastian Katte,27,Female,2000-08-07,basic,desktop,Choca do Mar
732,Raffaello Deeming,67,Male,2000-02-05,premium,desktop,Tvrdonice
733,Moselle Ivermee,61,Male,2018-10-13,premium,watch,Sobrosa
734,Arnaldo Molohan,69,Female,2015-12-01,premium,desktop,Lương Bằng
735,Hardy Casino,76,Female,2010-11-05,premium,tv,Aleksandrovskiy Zavod
736,Amie McGrey,93,Male,2003-06-17,premium,desktop,Bulupayung
737,Currey Kubal,56,Female,2013-04-28,premium,desktop,Huazhaizi
738,Janeta Davinet,33,Female,2017-10-20,pro,mobile,Jacupiranga
739,Florry McConnal,23,Female,2020-01-19,pro,mobile,Bangjun
740,Michell Rainford,20,Female,2019-04-15,basic,desktop,Genisséa
741,Mauricio Papen,53,Female,2022-06-13,pro,desktop,Shuangbaiyang
742,Braden Stubbins,20,Male,2009-11-19,premium,tv,Santo Niño
743,Billie Stenet,92,Male,2005-10-12,basic,watch,Neuilly-sur-Seine
744,Loydie Sanja,54,Male,2010-03-06,basic,tv,Liushun
745,Erika Hiner,75,Female,2013-10-22,premium,tv,Venilale
746,Raf Buston,18,Male,2011-07-03,pro,desktop,Bailiang
747,Brandie Todman,38,Male,2009-04-07,premium,tv,Strawczyn
748,Claude Petrussi,31,Male,2006-04-28,premium,tv,Bendan
749,Emelia Lindl,26,Male,2020-10-11,basic,desktop,Kachkanar
750,Beckie Vanlint,50,Female,2011-02-09,premium,mobile,Colonia Aurora
751,Pollyanna de Chastelain,89,Male,2009-05-17,premium,tv,Wuppertal
752,Erik Neaverson,45,Female,2016-03-10,premium,watch,Lazaro Cardenas
753,Jameson Wrassell,29,Male,2007-01-07,premium,mobile,Seabra
754,Jo Levesley,33,Male,2018-02-28,premium,watch,Baixi
755,Gillan Devenish,50,Male,2012-11-08,premium,tv,Phlapphla Chai
756,Frankie Woofinden,50,Female,2022-05-24,pro,mobile,Kozhanka
757,Corrie Dannohl,21,Male,2010-11-04,basic,tv,El Asintal
758,Meredith Buckle,83,Male,2011-10-05,pro,watch,Uruzgān
759,Ki Davenhill,35,Female,2006-08-25,pro,desktop,Khudāydād Khēl
760,Karly Vipan,33,Female,2007-03-13,basic,watch,Dongyuan
761,Any Shakshaft,89,Female,2022-09-01,basic,desktop,Höfn
762,Alene Dowker,91,Female,2000-05-16,pro,tv,Koran
763,Zebulon Speak,71,Female,2011-01-17,pro,tv,Pucara
764,Milka Aizikowitz,84,Male,2012-04-05,basic,desktop,Formiga
765,Wernher Aronovitz,28,Female,2017-06-30,basic,watch,Paka
766,Lawrence Garlinge,45,Male,2021-12-28,premium,watch,Fāqūs
767,Anallise Elsdon,81,Female,2011-04-24,premium,tv,Rostock
768,Clarabelle De Gowe,98,Female,2010-11-04,basic,desktop,Toledo
769,Barrett Cryer,82,Male,2014-02-24,basic,tv,Santa Cruz Cabrália
770,Bard Vears,51,Male,2020-01-12,pro,mobile,Putat Lor
771,Iggie Letterick,97,Male,2002-03-15,pro,tv,Wŏnju
772,Lorene McLese,28,Female,2012-04-01,premium,desktop,Shishan
773,Linoel Parren,93,Female,2017-01-26,premium,mobile,Diónysos
774,Sean McCardle,79,Male,2022-07-25,premium,desktop,Entre Rios
775,Carri Coalburn,29,Female,2005-06-08,pro,desktop,Yaita
776,Clo Franzonello,74,Female,2017-04-15,basic,mobile,Saryözek
777,Dita Sives,76,Female,2015-05-07,basic,desktop,Paris La Défense
778,Zandra Ibell,63,Male,2010-12-08,premium,watch,Tengqiao
779,Edithe Priver,15,Male,2020-07-29,basic,tv,Sundsvall
780,Coreen Maddy,43,Female,2016-10-27,basic,tv,Izumi
781,Rip Look,54,Male,2011-11-04,premium,desktop,Ambato Boeny
782,Nelly Mattusevich,80,Male,2001-11-29,pro,watch,Caculé
783,Garek Schaffel,76,Male,2016-08-17,pro,desktop,Gandzak
784,Sidoney Taggert,76,Male,2005-06-25,pro,mobile,Uppsala
785,Bernetta Treanor,15,Female,2005-02-01,basic,mobile,Duang
786,Sula McAllister,49,Male,2004-02-11,basic,watch,Umanday Centro
787,Jody Bysshe,24,Male,2004-06-17,pro,watch,Foumbot
788,Jacqueline Gillie,15,Male,2020-02-07,basic,mobile,Beidaihehaibin
789,Fran Belasco,91,Male,2017-02-08,premium,mobile,Wang Noi
790,Livy Graser,57,Female,2018-05-01,pro,desktop,Fresno
791,Marcellina Loy,67,Male,2018-04-10,pro,tv,Huskvarna
792,Glenn Tonn,17,Female,2002-09-01,premium,desktop,Krajan Caluk
793,Candis Tappington,22,Female,2018-09-17,pro,mobile,Daguo
794,Eileen Macellar,82,Female,2013-08-17,premium,tv,Dijon
795,George Mayow,39,Male,2007-02-25,premium,desktop,Buenos Aires
796,Lyndy Mitchely,26,Female,2007-09-06,premium,desktop,Tāngāil
797,Carla Tarney,51,Male,2014-07-21,premium,watch,Libode
798,Datha Stubbings,66,Male,2011-10-16,basic,mobile,Mirandela
799,Shalne Goodge,70,Female,2011-02-03,pro,desktop,Pertunmaa
800,Alverta McLoughlin,56,Female,2007-07-07,pro,tv,Tmourghout
801,Sybyl Burdess,51,Female,2013-07-19,basic,tv,Piraquara
802,Fara Edgehill,77,Female,2023-03-02,premium,desktop,Drohiczyn
803,Evyn Abbis,63,Male,2002-05-30,premium,tv,Krajan
804,Symon Sevior,46,Male,2007-12-19,basic,watch,Novoanninskiy
805,Carey Mallows,74,Male,2009-03-06,pro,tv,Gaoliang
806,Hendrik Tenaunt,37,Female,2000-03-24,premium,watch,Magnitogorsk
807,Hilliary Brunnen,55,Male,2008-10-13,basic,desktop,Paris 19
808,Barty O'Sculley,21,Male,2002-09-10,basic,watch,Huanglong
809,Mervin Maycock,66,Female,2014-10-14,premium,desktop,Bangbayang Kaler
810,Emmaline Vala,15,Female,2022-05-16,premium,watch,Maswarah
811,Rois Battison,16,Female,2003-02-28,premium,desktop,La Sierpe
812,Trina Curnnok,93,Male,2000-05-17,basic,tv,Kuala Terengganu
813,Gabbie Rivalant,31,Male,2004-01-14,premium,mobile,Morawica
814,Tedda Rahl,40,Male,2007-09-21,pro,mobile,Yong’an
815,Amie Noe,98,Male,2018-10-23,premium,desktop,Hujiagou
816,Chet Amiable,96,Male,2002-09-06,premium,watch,San Jose
817,Alanson Earsman,98,Male,2008-02-14,premium,desktop,Xinjie
818,Mozes Riddle,76,Male,2008-11-10,pro,mobile,Pontinha
819,Dionisio Battrum,90,Female,2016-10-12,basic,watch,La Valette-du-Var
820,Berny Earwicker,75,Female,2011-03-08,premium,watch,Buzen
821,Leora Conybear,89,Male,2018-01-17,basic,desktop,Kujang
822,Davita Carlisso,16,Female,2015-02-12,premium,tv,Kalimeneng
823,Katti Jeroch,65,Female,2009-07-13,pro,tv,Da-an Sur
824,Frannie Ambroisin,16,Male,2002-01-05,basic,mobile,Xinxi
825,Karna Galea,67,Female,2019-10-05,pro,desktop,Az Zawr
826,Georgeta Pales,53,Female,2004-08-25,premium,watch,Pyskowice
827,Tobi Duns,47,Female,2014-02-02,basic,desktop,Primorsko
828,Alison Strowthers,29,Male,2017-05-25,premium,desktop,Horní Cerekev
829,Dael Villar,37,Male,2001-11-12,basic,desktop,Xiaolong
830,Petrina Gerbel,92,Male,2007-11-07,premium,mobile,Oskarshamn
831,Thorny Antoszewski,86,Female,2011-11-07,pro,watch,Qinjiang
832,Irving Boig,16,Male,2010-07-10,premium,tv,Yangzhou
833,Martina Callow,91,Female,2003-11-28,basic,tv,Pravdinsk
834,Mireille Jesse,37,Male,2006-10-12,pro,watch,Kirkkonummi
835,Cissiee Phelps,32,Male,2011-02-28,basic,watch,Luofang
836,Candice Ciciari,96,Male,2012-08-21,premium,mobile,Chagou
837,Palm Stuchburie,77,Male,2020-02-09,premium,desktop,Ginatilan
838,Meredeth Osband,80,Female,2003-04-17,premium,desktop,Kabir
839,Lelia Pughe,56,Male,2013-12-28,basic,watch,Santo Tomás
840,Correy Ebbings,74,Male,2019-07-18,pro,desktop,San Miguel Chicaj
841,Hamlin Olivari,52,Female,2014-01-26,basic,watch,Arrifes
842,Ariadne Fould,60,Male,2011-05-10,pro,desktop,Bei
843,Fleming Hunnawill,56,Female,2020-12-20,premium,tv,Shuangqiao
844,Sandy Klamp,75,Male,2009-01-05,pro,watch,Ocote Paulino
845,Randal Thurborn,68,Male,2010-09-14,premium,mobile,Longquan
846,Rosemary Giovannazzi,33,Male,2009-01-10,pro,desktop,Montalvo
847,Saunder Gass,89,Female,2011-01-26,pro,desktop,Kabasalan
848,Carma Lindsay,53,Female,2010-09-29,basic,tv,Zopilotepe
849,Rachel Tilne,22,Female,2000-01-27,pro,desktop,Manakara
850,Gerrard Carslake,61,Female,2002-01-21,basic,mobile,Göteborg
851,Jacinthe Derby,39,Female,2005-10-27,basic,watch,Longgao
852,Bailie Gowenlock,70,Female,2015-02-15,basic,mobile,Hougang
853,Granny Singleton,79,Female,2002-04-23,basic,desktop,Mānānwāla
854,Gina Cadagan,88,Male,2002-08-13,premium,desktop,Týnec
855,Zacharie Christopherson,35,Male,2008-08-07,basic,mobile,Tha Ruea
856,Rawley Morston,43,Male,2019-09-16,basic,watch,Helsingborg
857,Gertie Coffin,32,Female,2012-04-24,basic,tv,Jindaoxia
858,Page Wippermann,55,Male,2012-06-24,basic,tv,Pakisrejo
859,Evelina Mcasparan,27,Male,2004-03-16,basic,desktop,Khotiv
860,Dalenna Stocks,36,Male,2003-06-18,basic,desktop,Anle
861,Mindy Bellwood,71,Female,2013-05-29,pro,watch,Changsha
862,Nefen Grayley,79,Male,2001-11-28,premium,tv,Ait Ali
863,Fredia Stokey,57,Male,2023-02-02,pro,mobile,Enriquillo
864,Alvin Ivan,84,Female,2003-05-18,pro,desktop,Tallinn
865,Aguie Boddie,17,Male,2005-12-23,basic,mobile,Rivadavia
866,Junina Rottcher,29,Male,2006-01-04,basic,mobile,Bla
867,Georges Petworth,60,Male,2003-12-01,premium,watch,Guohua
868,Lauren McWhin,31,Male,2014-10-28,premium,desktop,Chaihe
869,Trescha Taunton,79,Female,2012-03-19,pro,tv,Pārūn
870,Vivia Jacob,79,Male,2001-07-27,basic,watch,Oslo
871,Nick Tassell,45,Female,2003-09-11,pro,tv,Lomintsevskiy
872,Ikey Johnsson,63,Female,2017-09-07,basic,mobile,Majagual
873,Denna Sare,20,Female,2016-03-22,basic,watch,Labège
874,Constancy Course,57,Female,2006-04-13,basic,mobile,Rydzyna
875,Kattie Oluwatoyin,43,Male,2012-04-13,premium,mobile,Leping
876,Laurianne McCreery,88,Male,2003-03-28,basic,watch,Chinju
877,Ramonda Sposito,25,Female,2020-02-14,basic,desktop,Bhātpāra Abhaynagar
878,Rolando Emor,17,Female,2019-04-19,premium,tv,Vojnić
879,Merwyn Mateuszczyk,77,Female,2005-10-07,pro,desktop,Qumudi
880,Almeria Elloway,23,Female,2012-05-17,basic,mobile,Tanbu
881,Fitz Cerith,24,Female,2001-06-09,basic,desktop,Sieniawa
882,Farleigh Zink,30,Male,2011-07-21,pro,mobile,Condega
883,Jeanine Fike,92,Female,2018-08-20,pro,mobile,Napu
884,Aeriel Keppy,48,Female,2017-11-13,pro,desktop,Plaridel
885,Oriana Kilroy,69,Male,2011-12-17,premium,mobile,Patemon
886,Barri Polamontayne,63,Male,2005-11-03,pro,tv,Shuangqiaoping
887,Hyacintha MacManus,61,Male,2021-08-27,premium,watch,Yongfeng
888,Tamma Symondson,78,Female,2019-12-26,premium,mobile,Muruy
889,Diahann Penn,92,Female,2022-01-30,basic,tv,Imari
890,Jeane Libbey,83,Male,2008-05-16,basic,mobile,Xiaozhai
891,Cary Alvarado,18,Female,2015-07-30,pro,desktop,Mueang Suang
892,Bink Kundt,63,Male,2019-08-31,pro,watch,Quimper
893,Ripley Trathan,22,Male,2017-05-18,premium,desktop,Lille
894,Sawyere Slogrove,49,Female,2007-07-04,premium,watch,San Andres
895,Hi Westcot,92,Male,2000-09-17,premium,mobile,Oetutulul
896,Bethina Orred,50,Female,2007-06-19,basic,watch,Pluak Daeng
897,Beverley Mayhow,40,Female,2015-11-26,pro,desktop,Khoroshëvo-Mnevniki
898,Rosanna Domenget,16,Male,2006-07-18,pro,watch,Kiuteta
899,Elie Backman,85,Male,2007-02-11,premium,mobile,‘Ubāl
900,Morna Hughesdon,61,Female,2019-01-16,pro,mobile,Vnorovy
901,Caren Gloster,61,Male,2019-06-18,pro,tv,Apuri
902,Pavia Ainslee,33,Male,2010-05-21,premium,desktop,Grand-Bassam
903,Beauregard Saiger,72,Male,2009-09-03,basic,desktop,Kiruna
904,Chastity Rickert,33,Female,2012-06-11,premium,mobile,Kota Kinabalu
905,Gerhardt Struttman,59,Male,2005-06-03,premium,mobile,Obigarm
906,Cam Werrett,44,Female,2008-04-23,basic,mobile,Masantol
907,Aurie Bendall,92,Male,2002-06-28,premium,watch,Valença
908,Kassie Assad,59,Male,2022-10-02,basic,mobile,Yanji
909,Carree Corhard,17,Male,2012-02-11,premium,desktop,Baş Göynük
910,Fredra Snodin,71,Male,2007-07-11,pro,desktop,Joypur Hāt
911,Darby Maden,16,Female,2018-12-16,premium,tv,Vannes
912,Honey Delany,54,Male,2022-02-10,pro,watch,Xiaolongmen
913,Matilde Ovill,99,Male,2017-09-19,pro,tv,Hualingang
914,Adrian Hassent,78,Female,2016-06-24,basic,watch,Chom Bueng
915,Patsy Joutapaitis,32,Male,2022-05-26,pro,mobile,Salamrejo
916,Angela Bradshaw,47,Female,2001-04-11,premium,watch,Mapusagafou
917,Harman Carillo,58,Female,2008-06-03,pro,tv,Mamfe
918,Frederic Dober,16,Female,2000-06-15,basic,tv,Évreux
919,Rosmunda Casford,67,Female,2013-06-26,pro,watch,Wakduwa’ Barat
920,Hortense Daish,50,Male,2010-05-14,pro,tv,Rizhao
921,Kelley Millyard,83,Female,2000-08-23,basic,tv,Wanmu
922,Zsazsa O'Donegan,76,Female,2014-08-25,pro,watch,Símantra
923,Osbert Zieme,52,Female,2017-09-14,basic,watch,Buesaco
924,Paige Suggey,84,Female,2001-04-25,pro,watch,Ujiie
925,Glynda Ducker,35,Female,2004-08-20,premium,tv,Labog
926,Benjy Walstow,18,Female,2002-12-08,pro,desktop,Krzeszów
927,Cobbie Cawsby,85,Female,2006-11-28,basic,watch,Baing
928,Cobb Schwandermann,44,Male,2014-06-08,pro,watch,Kisangani
929,Rick Partridge,39,Female,2008-06-25,pro,watch,Haapsalu
930,Ferdinande Sach,20,Male,2007-03-16,pro,desktop,San Agustin
931,Niccolo Tapping,26,Female,2003-07-26,basic,watch,Orguz
932,Joete Muncaster,49,Male,2015-04-27,pro,desktop,Радишани
933,Bride Spellworth,22,Female,2020-02-28,premium,tv,Dujuuma
934,Chloris MacVicar,49,Male,2014-01-17,basic,desktop,Patao
935,Gwendolyn Orrett,47,Male,2002-04-17,premium,desktop,San Diego
936,Guthrie Richings,36,Female,2016-01-02,basic,watch,Vrede
937,Kissie Job,17,Male,2002-03-08,premium,mobile,Porkhov
938,Gilda Scothorn,40,Male,2014-08-12,basic,tv,Jingjiang
939,Arlene Serot,99,Female,2018-07-19,pro,watch,Hekou
940,Fayette Joyner,24,Female,2001-01-15,pro,tv,Guyang
941,Marlin Kovalski,27,Male,2005-05-13,premium,watch,Novotroitsk
942,Goraud Dell'Abbate,51,Female,2005-03-29,basic,watch,Perovo
943,Curcio Garmston,90,Female,2012-02-04,premium,watch,Kallithéa
944,Wendel Erridge,20,Male,2005-06-23,pro,desktop,Briceni
945,Fiann Caghan,72,Male,2018-12-30,pro,watch,Ngadri
946,Ursuline O'Geaney,52,Female,2001-03-04,pro,desktop,Senggreng
947,Gabriele Rawsthorne,36,Female,2005-07-22,basic,watch,Modakeke
948,Lavinie Saunder,16,Male,2018-11-05,premium,watch,Sagae
949,Stern Wringe,56,Female,2009-08-23,pro,mobile,Starcevica
950,Iver Meriel,33,Female,2002-01-07,pro,mobile,Södertälje
951,Grazia Olley,57,Male,2004-09-24,premium,watch,Aykhal
952,Becca McGann,29,Female,2008-02-06,basic,watch,Kostrovo
953,Orazio Jurasek,84,Male,2016-08-14,basic,desktop,Yatsushiro
954,Daffi Gobel,16,Female,2004-03-31,pro,watch,Machov
955,Lyon Geldart,50,Male,2008-08-08,premium,tv,Barnaul
956,Ashla Scougal,74,Male,2006-11-02,basic,desktop,Otllak
957,Nealon Worton,27,Female,2016-10-03,pro,tv,Madalena
958,Teriann Ruselin,25,Female,2021-08-21,premium,mobile,Wuyang
959,Sheila-kathryn Duckitt,35,Male,2010-05-08,basic,desktop,Loja
960,Cathee McQuaid,79,Female,2016-02-13,pro,watch,Zhongyuanlu
961,Lorrayne Bambridge,68,Female,2002-04-11,basic,tv,Santiago do Cacém
962,Jena Pettingall,100,Female,2019-09-06,premium,mobile,Arganil
963,Lila Littleproud,21,Female,2008-10-29,basic,mobile,Daphu
964,Eydie Lowdwell,61,Female,2022-11-02,basic,desktop,Sarangmeduro
965,Washington Skittle,42,Male,2005-02-13,pro,watch,San Isidro
966,Beltran Rowland,32,Male,2016-07-10,premium,desktop,Aban
967,Alejandra Keirl,78,Male,2011-05-15,pro,watch,Goulmima
968,Marys Abbets,35,Female,2002-07-27,premium,desktop,Obo
969,Rivy Theml,18,Male,2005-02-11,premium,watch,Cadiz
970,Lindsey Blesdill,54,Male,2017-09-06,basic,tv,Capira
971,Petunia Blick,52,Female,2003-11-11,basic,tv,Huilong
972,Zebedee Tabourel,24,Male,2005-12-30,basic,tv,Manning
973,Tamma Domange,44,Female,2000-10-25,pro,desktop,Guyangan
974,Natalya Abercrombie,41,Female,2013-09-19,pro,desktop,Pliwetan
975,Brit Giovannini,17,Female,2015-06-18,pro,tv,Tawangrejo
976,Bridgette Rome,39,Female,2008-03-26,premium,desktop,Proletarsk
977,Andra Wones,70,Female,2008-03-31,pro,watch,Bonthe
978,Pier Blaske,77,Male,2012-09-13,pro,mobile,Banjar Jagasatru
979,Nadine Dugget,18,Female,2018-12-18,premium,watch,Yunxi
980,Sindee Farrey,80,Female,2002-10-08,basic,mobile,Henggang
981,Valentine Cawthorne,48,Male,2015-12-25,basic,watch,Tengah
982,Caz Tonks,73,Female,2003-02-09,pro,tv,Shuanghejiedao
983,Dom Golden of Ireland,41,Male,2006-06-19,basic,watch,Nortelândia
984,Regina Kun,33,Male,2015-09-11,basic,tv,Kastornoye
985,Agretha Keynes,86,Female,2009-04-13,basic,watch,Xujiafang
986,Jolie Roset,68,Female,2007-09-21,basic,watch,Västanfjärd
987,Delora Heaslip,31,Male,2017-05-06,pro,desktop,Rusnė
988,Clemmy Inkpen,47,Female,2015-12-07,basic,mobile,San Isidro
989,Kristine Kirimaa,94,Female,2020-08-11,pro,watch,Suishan
990,Austin Ions,23,Male,2002-05-02,pro,desktop,Shuvakish
991,Phillida Loveard,34,Male,2014-01-04,basic,watch,Zhongxiao
992,Ikey Mark,98,Male,2009-11-15,pro,tv,Jingzhou
993,Bryn Crolla,34,Male,2001-08-01,premium,mobile,Riga
994,Micky Matijasevic,29,Female,2003-11-04,basic,tv,Banjar Paangkelod
995,Hurlee Colgrave,86,Male,2021-07-09,premium,mobile,Pinellas Park
996,Jennifer Ainger,94,Male,2015-10-24,premium,mobile,Hejiaping
997,Nedi Redsell,65,Male,2012-02-06,premium,tv,Montego Bay
998,Shelby McKeeman,100,Female,2017-03-04,pro,tv,Tambov
999,Elsbeth Frosch,69,Female,2014-02-21,pro,tv,Vale de São Cosme
1000,Debi Tabourier,59,Male,2007-12-24,basic,watch,Bayanhongor
